timestamp,tuple_id,metric,predicted_value,threshold,severity
1761299348.0876513,0,outlier_rate,0.056048065423965454,0.05,warning
1761299348.131358,1,outlier_rate,0.05471755541861057,0.05,warning
1761299348.1721284,2,outlier_rate,0.05916516110301018,0.05,warning
1761299348.2628236,4,outlier_rate,0.05663856118917465,0.05,warning
1761299348.309419,5,outlier_rate,0.058842254355549815,0.05,warning
1761299348.3512313,6,outlier_rate,0.06057654421776533,0.05,warning
1761299348.3974595,7,outlier_rate,0.062067363483365626,0.05,warning
1761299348.4424438,8,outlier_rate,0.05910374086350203,0.05,warning
1761299348.4849365,9,outlier_rate,0.05347246676683426,0.05,warning
1761299348.5314271,10,outlier_rate,0.055636148490011694,0.05,warning
1761299348.574638,11,outlier_rate,0.05690344288945198,0.05,warning
1761299348.615352,12,outlier_rate,0.07812967784702778,0.05,warning
1761299348.6567166,13,outlier_rate,0.058729238100349905,0.05,warning
1761299348.699961,14,outlier_rate,0.057151518762111664,0.05,warning
1761299348.7457108,15,outlier_rate,0.05978211022913456,0.05,warning
1761299348.7896602,16,outlier_rate,0.07118259146809577,0.05,warning
1761299348.833361,17,outlier_rate,0.06207179234011115,0.05,warning
1761299348.9267144,19,outlier_rate,0.05957199223339558,0.05,warning
1761299348.9678853,20,outlier_rate,0.05980333123356104,0.05,warning
1761299349.01599,21,outlier_rate,0.08070810347795486,0.05,warning
1761299349.0555742,22,outlier_rate,0.05831072118133306,0.05,warning
1761299349.1442313,24,outlier_rate,0.07297980040311813,0.05,warning
1761299349.1886325,25,outlier_rate,0.05552191387861967,0.05,warning
1761299349.230795,26,outlier_rate,0.05820920690894127,0.05,warning
1761299349.2734113,27,outlier_rate,0.05980539347976446,0.05,warning
1761299349.3140767,28,outlier_rate,0.06460712555795908,0.05,warning
1761299349.3571417,29,outlier_rate,0.06225636276651429,0.05,warning
1761299349.4066453,30,outlier_rate,0.06615936893969775,0.05,warning
1761299349.4527035,31,outlier_rate,0.05251635983586311,0.05,warning
1761299349.4946582,32,outlier_rate,0.06885156035423279,0.05,warning
1761299349.5399113,33,outlier_rate,0.057226348146796224,0.05,warning
1761299349.5862446,34,outlier_rate,0.05975580990314484,0.05,warning
1761299349.7121887,37,outlier_rate,0.09507081754505635,0.05,warning
1761299349.7572007,38,outlier_rate,0.052547871991992,0.05,warning
1761299349.80395,39,outlier_rate,0.06055099591994214,0.05,warning
1761299349.850461,40,outlier_rate,0.07234872430562973,0.05,warning
1761299349.898589,41,outlier_rate,0.05639883998781443,0.05,warning
1761299349.9402475,42,outlier_rate,0.06690202824771405,0.05,warning
1761299349.9864266,43,outlier_rate,0.06241269037127495,0.05,warning
1761299350.0255535,44,outlier_rate,0.07164587274193764,0.05,warning
1761299350.0685234,45,outlier_rate,0.05878034606575966,0.05,warning
1761299350.1146815,46,outlier_rate,0.06189990034302048,0.05,warning
1761299350.1594977,47,outlier_rate,0.058453945927321914,0.05,warning
1761299350.2047484,48,outlier_rate,0.056886117719113824,0.05,warning
1761299350.2461479,49,outlier_rate,0.059997179582715034,0.05,warning
1761299350.2940073,50,outlier_rate,0.062268055975437164,0.05,warning
1761299350.3351123,51,outlier_rate,0.07040546387434006,0.05,warning
1761299350.3735623,52,outlier_rate,0.060654477961361405,0.05,warning
1761299350.4199467,53,outlier_rate,0.061283028051257134,0.05,warning
1761299350.4646769,54,outlier_rate,0.06346746429800987,0.05,warning
1761299350.5116122,55,outlier_rate,0.05590966735996965,0.05,warning
1761299350.5591981,56,outlier_rate,0.058016573674976826,0.05,warning
1761299350.6040692,57,outlier_rate,0.05460834495723248,0.05,warning
1761299350.64757,58,outlier_rate,0.06581709625465529,0.05,warning
1761299350.6931262,59,outlier_rate,0.06450025995657693,0.05,warning
1761299350.7364647,60,outlier_rate,0.056226610504090786,0.05,warning
1761299350.7838697,61,outlier_rate,0.05911908894777298,0.05,warning
1761299350.8281274,62,outlier_rate,0.06550071828745088,0.05,warning
1761299350.8712358,63,outlier_rate,0.05972126796841622,0.05,warning
1761299350.9152205,64,outlier_rate,0.06323488134890795,0.05,warning
1761299350.9568043,65,outlier_rate,0.0634446069598198,0.05,warning
1761299351.000046,66,outlier_rate,0.056975509971380234,0.05,warning
1761299351.0427296,67,outlier_rate,0.06315058930832956,0.05,warning
1761299351.0835302,68,outlier_rate,0.055877603590488434,0.05,warning
1761299351.1296778,69,outlier_rate,0.06518285695988331,0.05,warning
1761299351.1732433,70,outlier_rate,0.06957819141447544,0.05,warning
1761299351.2158742,71,outlier_rate,0.0530148409307003,0.05,warning
1761299351.2569351,72,outlier_rate,0.05557701826095581,0.05,warning
1761299351.3038633,73,outlier_rate,0.05888495594263077,0.05,warning
1761299351.34688,74,outlier_rate,0.07416272066533565,0.05,warning
1761299351.3889747,75,outlier_rate,0.06200254335999489,0.05,warning
1761299351.4350433,76,outlier_rate,0.055086289159953596,0.05,warning
1761299351.4779236,77,outlier_rate,0.059879514202475545,0.05,warning
1761299351.521392,78,outlier_rate,0.053121961653232574,0.05,warning
1761299351.5684516,79,outlier_rate,0.05848235409706831,0.05,warning
1761299351.6076272,80,outlier_rate,0.08735307764261961,0.05,warning
1761299351.649199,81,outlier_rate,0.05605187267065048,0.05,warning
1761299351.6960533,82,outlier_rate,0.06298431348055601,0.05,warning
1761299351.7421393,83,outlier_rate,0.0713593244664371,0.05,warning
1761299351.7855775,84,outlier_rate,0.06352539360523224,0.05,warning
1761299351.834702,85,outlier_rate,0.06147713989019394,0.05,warning
1761299351.8784485,86,outlier_rate,0.06440554811225092,0.05,warning
1761299351.9303286,87,outlier_rate,0.05787740021944046,0.05,warning
1761299351.975135,88,outlier_rate,0.06102732438594103,0.05,warning
1761299352.0145006,89,outlier_rate,0.07484765790402889,0.05,warning
1761299352.057946,90,outlier_rate,0.061649669313980714,0.05,warning
1761299352.104039,91,outlier_rate,0.05483366176486015,0.05,warning
1761299352.130176,92,outlier_rate,0.07823737554252147,0.05,warning
1761299352.1567485,93,outlier_rate,0.06115445982664824,0.05,warning
1761299352.1979408,94,outlier_rate,0.052113838493824005,0.05,warning
1761299352.2383902,95,outlier_rate,0.05901171039789915,0.05,warning
1761299352.2846847,96,outlier_rate,0.0588123881816864,0.05,warning
1761299352.3301888,97,outlier_rate,0.05531404443333546,0.05,warning
1761299352.379717,98,outlier_rate,0.058639216033505324,0.05,warning
1761299352.4238977,99,outlier_rate,0.06300730258226395,0.05,warning
1761299352.4706094,100,outlier_rate,0.06388385765254498,0.05,warning
1761299352.5147114,101,outlier_rate,0.05297114569693804,0.05,warning
1761299352.5613976,102,outlier_rate,0.06384319067001343,0.05,warning
1761299352.608359,103,outlier_rate,0.05045987669142266,0.05,warning
1761299352.649283,104,outlier_rate,0.06431001424789429,0.05,warning
1761299352.6916647,105,outlier_rate,0.06204597279429436,0.05,warning
1761299352.7433226,106,outlier_rate,0.06927841436117887,0.05,warning
1761299352.7955112,108,outlier_rate,0.06119733957038176,0.05,warning
1761299352.8396945,109,outlier_rate,0.06325764209032059,0.05,warning
1761299352.8783202,110,outlier_rate,0.08034463971853256,0.05,warning
1761299352.9221835,111,outlier_rate,0.056662097983062265,0.05,warning
1761299352.9652417,112,outlier_rate,0.06847907692193984,0.05,warning
1761299353.0113437,113,outlier_rate,0.08071697451174259,0.05,warning
1761299353.054457,114,outlier_rate,0.06031983345746994,0.05,warning
1761299353.1007555,115,outlier_rate,0.06152881719172001,0.05,warning
1761299353.1468756,116,outlier_rate,0.06084197610616684,0.05,warning
1761299353.1922767,117,outlier_rate,0.055670397483876026,0.05,warning
1761299353.2384584,118,outlier_rate,0.0644267162680626,0.05,warning
1761299353.287363,119,outlier_rate,0.06870853997766972,0.05,warning
1761299353.3730664,121,outlier_rate,0.05462445080280304,0.05,warning
1761299353.4151967,122,outlier_rate,0.05823712795972824,0.05,warning
1761299353.4558783,123,outlier_rate,0.058777238987386224,0.05,warning
1761299353.5386972,125,outlier_rate,0.055684514343738556,0.05,warning
1761299353.5792162,126,outlier_rate,0.0726388618350029,0.05,warning
1761299353.620609,127,outlier_rate,0.05808804173022509,0.05,warning
1761299353.6607187,128,outlier_rate,0.06052091345191002,0.05,warning
1761299353.7029374,129,outlier_rate,0.056464169174432755,0.05,warning
1761299353.7461898,130,outlier_rate,0.06124858286231756,0.05,warning
1761299353.7886045,131,outlier_rate,0.07448019087314606,0.05,warning
1761299353.835065,132,outlier_rate,0.05824105866253376,0.05,warning
1761299353.8788593,133,outlier_rate,0.05568094965070486,0.05,warning
1761299353.92117,134,outlier_rate,0.05923900507390499,0.05,warning
1761299353.9623861,135,outlier_rate,0.057279038988053796,0.05,warning
1761299354.003554,136,outlier_rate,0.06282363086938858,0.05,warning
1761299354.0444932,137,outlier_rate,0.054484744295477866,0.05,warning
1761299354.085211,138,outlier_rate,0.06098899245262146,0.05,warning
1761299354.1267521,139,outlier_rate,0.056409064680337906,0.05,warning
1761299354.1732671,140,outlier_rate,0.07457762956619263,0.05,warning
1761299354.2160175,141,outlier_rate,0.05556916445493698,0.05,warning
1761299354.262182,142,outlier_rate,0.06958198547363281,0.05,warning
1761299354.298099,143,outlier_rate,0.05576032101259524,0.05,warning
1761299354.3440418,144,outlier_rate,0.05991364490240812,0.05,warning
1761299354.386792,145,outlier_rate,0.07995080560445786,0.05,warning
1761299354.433989,146,outlier_rate,0.08193995624780655,0.05,warning
1761299354.481885,147,outlier_rate,0.07978620924055577,0.05,warning
1761299354.5232017,148,outlier_rate,0.0509161694906652,0.05,warning
1761299354.566324,149,outlier_rate,0.053870984677781106,0.05,warning
1761299354.60466,150,outlier_rate,0.052100342085526996,0.05,warning
1761299354.6442685,151,outlier_rate,0.06012797865350903,0.05,warning
1761299354.6822,152,outlier_rate,0.05191940441727638,0.05,warning
1761299354.7249846,153,outlier_rate,0.05599354512989521,0.05,warning
1761299354.765779,154,outlier_rate,0.06439524414110691,0.05,warning
1761299354.8054955,155,outlier_rate,0.06312053020922118,0.05,warning
1761299354.8458145,156,outlier_rate,0.05784299224615097,0.05,warning
1761299354.8886986,157,outlier_rate,0.07279840856790543,0.05,warning
1761299354.9307363,158,outlier_rate,0.06457096748054028,0.05,warning
1761299354.974137,159,outlier_rate,0.05529316671192646,0.05,warning
1761299355.0173,160,outlier_rate,0.0745513716340065,0.05,warning
1761299355.0569,161,outlier_rate,0.07616938650608063,0.05,warning
1761299355.0985088,162,outlier_rate,0.060031077563762664,0.05,warning
1761299355.1417854,163,outlier_rate,0.0662955492734909,0.05,warning
1761299355.183132,164,outlier_rate,0.05758077975467364,0.05,warning
1761299355.2302873,165,outlier_rate,0.05044747345149517,0.05,warning
1761299355.2721782,166,outlier_rate,0.05888794437050819,0.05,warning
1761299355.3142219,167,outlier_rate,0.058961451053619385,0.05,warning
1761299355.399915,169,outlier_rate,0.07608345180749893,0.05,warning
1761299355.4421232,170,outlier_rate,0.06411793828010559,0.05,warning
1761299355.4829507,171,outlier_rate,0.06398153305053711,0.05,warning
1761299355.5248935,172,outlier_rate,0.05535048991441727,0.05,warning
1761299355.5689387,173,outlier_rate,0.07109262388199568,0.05,warning
1761299355.6127636,174,outlier_rate,0.05840364843606949,0.05,warning
1761299355.6591566,175,outlier_rate,0.08668762408196926,0.05,warning
1761299355.702891,176,outlier_rate,0.05950484797358513,0.05,warning
1761299355.7444863,177,outlier_rate,0.07641389966011047,0.05,warning
1761299355.7897894,178,outlier_rate,0.05175705775618553,0.05,warning
1761299355.8752623,180,outlier_rate,0.05200169146060944,0.05,warning
1761299355.9213376,181,outlier_rate,0.05456426739692688,0.05,warning
1761299355.965343,182,outlier_rate,0.07239233940839768,0.05,warning
1761299356.009371,183,outlier_rate,0.06170129895210266,0.05,warning
1761299356.0899148,185,outlier_rate,0.0622461773455143,0.05,warning
1761299356.1325376,186,outlier_rate,0.054730150774121286,0.05,warning
1761299356.1748743,187,outlier_rate,0.056791638247668745,0.05,warning
1761299356.2154853,188,outlier_rate,0.05962046600878239,0.05,warning
1761299356.2631567,189,outlier_rate,0.06625421818345785,0.05,warning
1761299356.3075697,190,outlier_rate,0.07975128255784511,0.05,warning
1761299356.352813,191,outlier_rate,0.06592324376106262,0.05,warning
1761299356.3975887,192,outlier_rate,0.06893619738519191,0.05,warning
1761299356.4437218,193,outlier_rate,0.05575129821896553,0.05,warning
1761299356.4869497,194,outlier_rate,0.07579494878649712,0.05,warning
1761299356.529108,195,outlier_rate,0.06440418258309365,0.05,warning
1761299356.5715444,196,outlier_rate,0.05241056434810162,0.05,warning
1761299356.6185794,197,outlier_rate,0.06536162246018648,0.05,warning
1761299356.6509862,198,outlier_rate,0.057250117734074596,0.05,warning
1761299356.694147,199,outlier_rate,0.07017733246088027,0.05,warning
1761299356.7375202,200,outlier_rate,0.07287284035235643,0.05,warning
1761299356.7789485,201,outlier_rate,0.05843370035290718,0.05,warning
1761299356.8235185,202,outlier_rate,0.05776950716972351,0.05,warning
1761299356.8666687,203,outlier_rate,0.056747056814215206,0.05,warning
1761299356.9094975,204,outlier_rate,0.05780013453215361,0.05,warning
1761299357.0431604,207,outlier_rate,0.05675477534532547,0.05,warning
1761299357.0835042,208,outlier_rate,0.06774126842617989,0.05,warning
1761299357.1710677,210,outlier_rate,0.061669031899988125,0.05,warning
1761299357.2129605,211,outlier_rate,0.05916516110301018,0.05,warning
1761299357.2553797,212,outlier_rate,0.055455438792705536,0.05,warning
1761299357.2981381,213,outlier_rate,0.07457762956619263,0.05,warning
1761299357.3434064,214,outlier_rate,0.0632013550773263,0.05,warning
1761299357.385941,215,outlier_rate,0.06767783798277378,0.05,warning
1761299357.4282627,216,outlier_rate,0.060230154097523705,0.05,warning
1761299357.4744263,217,outlier_rate,0.054440686479210854,0.05,warning
1761299357.5164218,218,outlier_rate,0.06098703980445862,0.05,warning
1761299357.558509,219,outlier_rate,0.07217496395111084,0.05,warning
1761299357.6015253,220,outlier_rate,0.05208044856727786,0.05,warning
1761299357.6471524,221,outlier_rate,0.06401062545180321,0.05,warning
1761299357.68748,222,outlier_rate,0.06749831140041351,0.05,warning
1761299357.7330601,223,outlier_rate,0.08040333063238198,0.05,warning
1761299357.7727664,224,outlier_rate,0.05866661187261343,0.05,warning
1761299357.8118088,225,outlier_rate,0.056556347757577896,0.05,warning
1761299357.8520508,226,outlier_rate,0.061359504014253614,0.05,warning
1761299357.8946636,227,outlier_rate,0.06891780160367489,0.05,warning
1761299357.936568,228,outlier_rate,0.07697625041007995,0.05,warning
1761299357.9834728,229,outlier_rate,0.06722059892319447,0.05,warning
1761299358.029496,230,outlier_rate,0.05715535793453455,0.05,warning
1761299358.0714664,231,outlier_rate,0.0603171493858099,0.05,warning
1761299358.1199768,232,outlier_rate,0.06592324376106262,0.05,warning
1761299358.1621208,233,outlier_rate,0.053902048617601395,0.05,warning
1761299358.2099435,234,outlier_rate,0.06895075485110283,0.05,warning
1761299358.2524576,235,outlier_rate,0.0742920204683354,0.05,warning
1761299358.296039,236,outlier_rate,0.051878592260181905,0.05,warning
1761299358.3395221,237,outlier_rate,0.05639009088277817,0.05,warning
1761299358.3845313,238,outlier_rate,0.058117342032492164,0.05,warning
1761299358.4302347,239,outlier_rate,0.06917614489793777,0.05,warning
1761299358.469835,240,outlier_rate,0.05518050029873848,0.05,warning
1761299358.5159054,241,outlier_rate,0.07522231999784708,0.05,warning
1761299358.5567615,242,outlier_rate,0.07344621255993843,0.05,warning
1761299358.6072035,243,outlier_rate,0.06547811537981034,0.05,warning
1761299358.6528609,244,outlier_rate,0.053452498225558476,0.05,warning
1761299358.6958606,245,outlier_rate,0.06270640724864178,0.05,warning
1761299358.7418518,246,outlier_rate,0.07178328476846219,0.05,warning
1761299358.7838624,247,outlier_rate,0.07995080560445786,0.05,warning
1761299358.8305476,248,outlier_rate,0.0587065065652132,0.05,warning
1761299358.8737087,249,outlier_rate,0.06554887667958698,0.05,warning
1761299358.9178317,250,outlier_rate,0.05943342670798302,0.05,warning
1761299358.9596698,251,outlier_rate,0.06893619738519191,0.05,warning
1761299359.005298,252,outlier_rate,0.08663138762116432,0.05,warning
1761299359.098054,254,outlier_rate,0.0801718907803297,0.05,warning
1761299359.1413605,255,outlier_rate,0.06379923969507217,0.05,warning
1761299359.247374,256,outlier_rate,0.059149883687496185,0.05,warning
1761299359.29324,257,outlier_rate,0.07945090711116791,0.05,warning
1761299359.3388014,258,outlier_rate,0.05801010105013847,0.05,warning
1761299359.3817534,259,outlier_rate,0.05971315033172187,0.05,warning
1761299359.428652,260,outlier_rate,0.054389541856944564,0.05,warning
1761299359.4709187,261,outlier_rate,0.06351551130414008,0.05,warning
1761299359.5601697,263,outlier_rate,0.06748185508361354,0.05,warning
1761299359.602078,264,outlier_rate,0.050011373460292816,0.05,warning
1761299359.6436663,265,outlier_rate,0.05563748270273208,0.05,warning
1761299359.6860309,266,outlier_rate,0.07033683359622955,0.05,warning
1761299359.7324486,267,outlier_rate,0.06327533721923828,0.05,warning
1761299359.7749784,268,outlier_rate,0.05338124256581068,0.05,warning
1761299359.8224046,269,outlier_rate,0.06114497035741806,0.05,warning
1761299359.8659241,270,outlier_rate,0.07457762956619263,0.05,warning
1761299359.9156318,271,outlier_rate,0.07204011425375939,0.05,warning
1761299359.9612134,272,outlier_rate,0.055794869028031824,0.05,warning
1761299360.0071514,273,outlier_rate,0.05735171273350716,0.05,warning
1761299360.0511801,274,outlier_rate,0.0672682523727417,0.05,warning
1761299360.0953279,275,outlier_rate,0.07707611471414566,0.05,warning
1761299360.134731,276,outlier_rate,0.053870984677781106,0.05,warning
1761299360.1812463,277,outlier_rate,0.0520064380093662,0.05,warning
1761299360.2233853,278,outlier_rate,0.06620706747681139,0.05,warning
1761299360.2634442,279,outlier_rate,0.07629520952701568,0.05,warning
1761299360.3113222,280,outlier_rate,0.05532957375049591,0.05,warning
1761299360.3497021,281,outlier_rate,0.05506739765405655,0.05,warning
1761299360.3954084,282,outlier_rate,0.057377585247159,0.05,warning
1761299360.4387276,283,outlier_rate,0.063264575501283,0.05,warning
1761299360.4866772,284,outlier_rate,0.057369332760572433,0.05,warning
1761299360.5278864,285,outlier_rate,0.07735134661197662,0.05,warning
1761299360.5730455,286,outlier_rate,0.05927539862692356,0.05,warning
1761299360.6162393,287,outlier_rate,0.05616613788752235,0.05,warning
1761299360.6587348,288,outlier_rate,0.06678775601089,0.05,warning
1761299360.7057436,289,outlier_rate,0.05995508692425994,0.05,warning
1761299360.749049,290,outlier_rate,0.05053581453859806,0.05,warning
1761299360.791951,291,outlier_rate,0.06150437146425247,0.05,warning
1761299360.8337646,292,outlier_rate,0.06099557463079691,0.05,warning
1761299360.8772829,293,outlier_rate,0.05071917526423931,0.05,warning
1761299360.9241803,294,outlier_rate,0.05658973753452301,0.05,warning
1761299360.967545,295,outlier_rate,0.06595125064253807,0.05,warning
1761299361.007884,296,outlier_rate,0.05272549174726009,0.05,warning
1761299361.0551612,297,outlier_rate,0.062207575887441635,0.05,warning
1761299361.0989609,298,outlier_rate,0.07620872557163239,0.05,warning
1761299361.1451259,299,outlier_rate,0.06149611219763756,0.05,warning
1761299361.1844788,300,outlier_rate,0.056474186750520176,0.05,warning
1761299361.231665,301,outlier_rate,0.07537592202425003,0.05,warning
1761299361.279964,302,outlier_rate,0.05995898129418492,0.05,warning
1761299361.3224769,303,outlier_rate,0.06575096145521689,0.05,warning
1761299361.364398,304,outlier_rate,0.06721888482570648,0.05,warning
1761299361.4066086,305,outlier_rate,0.061877564094908306,0.05,warning
1761299361.4535758,306,outlier_rate,0.060198185965418816,0.05,warning
1761299361.4921515,307,outlier_rate,0.07810511000454426,0.05,warning
1761299361.534333,308,outlier_rate,0.05639705951139331,0.05,warning
1761299361.574446,309,outlier_rate,0.05276596788316965,0.05,warning
1761299361.6154635,310,outlier_rate,0.05490054935216904,0.05,warning
1761299361.6611066,311,outlier_rate,0.05530082434415817,0.05,warning
1761299361.704686,312,outlier_rate,0.08716154843568802,0.05,warning
1761299361.7897837,314,outlier_rate,0.05752290561795235,0.05,warning
1761299361.8303487,315,outlier_rate,0.06620706747681139,0.05,warning
1761299361.8725026,316,outlier_rate,0.060225220792705106,0.05,warning
1761299361.9148147,317,outlier_rate,0.08061738312244415,0.05,warning
1761299361.9550543,318,outlier_rate,0.07123124599456787,0.05,warning
1761299362.001826,319,outlier_rate,0.09325706800445914,0.05,warning
1761299362.0400684,320,outlier_rate,0.06276518106460571,0.05,warning
1761299362.0857177,321,outlier_rate,0.05606340423226357,0.05,warning
1761299362.1265988,322,outlier_rate,0.061274415349454756,0.05,warning
1761299362.2173002,324,outlier_rate,0.0611920328438282,0.05,warning
1761299362.2582965,325,outlier_rate,0.07000352948904037,0.05,warning
1761299362.3003957,326,outlier_rate,0.05893315397202969,0.05,warning
1761299362.3430123,327,outlier_rate,0.05569168120622635,0.05,warning
1761299362.3854313,328,outlier_rate,0.07333476096391678,0.05,warning
1761299362.4288347,329,outlier_rate,0.07442558653652669,0.05,warning
1761299362.476183,330,outlier_rate,0.05430337893111365,0.05,warning
1761299362.5188646,331,outlier_rate,0.05451163921505213,0.05,warning
1761299362.5597289,332,outlier_rate,0.056887963667261225,0.05,warning
1761299362.602344,333,outlier_rate,0.06227421282169719,0.05,warning
1761299362.641648,334,outlier_rate,0.06351781396107675,0.05,warning
1761299362.6841946,335,outlier_rate,0.05431630950421095,0.05,warning
1761299362.7269309,336,outlier_rate,0.06524292312562466,0.05,warning
1761299362.769046,337,outlier_rate,0.060977551899850366,0.05,warning
1761299362.8095143,338,outlier_rate,0.07650890588760376,0.05,warning
1761299362.854216,339,outlier_rate,0.06457279919483622,0.05,warning
1761299362.8981676,340,outlier_rate,0.060243406891822816,0.05,warning
1761299362.9427793,341,outlier_rate,0.05646372970193624,0.05,warning
1761299362.9861033,342,outlier_rate,0.06052091345191002,0.05,warning
1761299363.0289733,343,outlier_rate,0.07739245161414146,0.05,warning
1761299363.073366,344,outlier_rate,0.06154194846749306,0.05,warning
1761299363.120943,345,outlier_rate,0.05486571650952101,0.05,warning
1761299363.2121637,347,outlier_rate,0.061728148738543195,0.05,warning
1761299363.2536092,348,outlier_rate,0.08333871208131313,0.05,warning
1761299363.2969763,349,outlier_rate,0.07521625887602568,0.05,warning
1761299363.3421502,350,outlier_rate,0.052673451602458954,0.05,warning
1761299363.3838763,351,outlier_rate,0.06360767997749073,0.05,warning
1761299363.4297657,352,outlier_rate,0.05285075325518847,0.05,warning
1761299363.4732404,353,outlier_rate,0.06650605976581574,0.05,warning
1761299363.5177052,354,outlier_rate,0.06485923115164041,0.05,warning
1761299363.5605567,355,outlier_rate,0.0610794760286808,0.05,warning
1761299363.6043792,356,outlier_rate,0.05101395275754233,0.05,warning
1761299363.6490407,357,outlier_rate,0.05710681796073914,0.05,warning
1761299363.696278,358,outlier_rate,0.06039552409201861,0.05,warning
1761299363.73999,359,outlier_rate,0.05995432000607252,0.05,warning
1761299363.7880406,360,outlier_rate,0.07916727170348167,0.05,warning
1761299363.8301177,361,outlier_rate,0.07021171003580093,0.05,warning
1761299363.8739283,362,outlier_rate,0.054131731423803356,0.05,warning
1761299363.9168868,363,outlier_rate,0.05356424953720786,0.05,warning
1761299363.9625237,364,outlier_rate,0.09070384539663792,0.05,warning
1761299364.0036175,365,outlier_rate,0.06431001424789429,0.05,warning
1761299364.0511525,366,outlier_rate,0.05933235737318445,0.05,warning
1761299364.0986397,367,outlier_rate,0.06434261932969093,0.05,warning
1761299364.1395118,368,outlier_rate,0.05575275898911059,0.05,warning
1761299364.1862454,369,outlier_rate,0.07800404727458954,0.05,warning
1761299364.2289476,370,outlier_rate,0.054374263510108,0.05,warning
1761299364.311139,372,outlier_rate,0.054521621726453307,0.05,warning
1761299364.3551168,373,outlier_rate,0.06445641393197862,0.05,warning
1761299364.396746,374,outlier_rate,0.061669031899988125,0.05,warning
1761299364.4376855,375,outlier_rate,0.050216466188430786,0.05,warning
1761299364.4766505,376,outlier_rate,0.06324685364961624,0.05,warning
1761299364.5189197,377,outlier_rate,0.05659111589193344,0.05,warning
1761299364.5608218,378,outlier_rate,0.07978512533009052,0.05,warning
1761299364.6090367,379,outlier_rate,0.06250374540686607,0.05,warning
1761299364.6515214,380,outlier_rate,0.066129861395053,0.05,warning
1761299364.698143,381,outlier_rate,0.05882439859211445,0.05,warning
1761299364.7454126,382,outlier_rate,0.06783588975667953,0.05,warning
1761299364.788681,383,outlier_rate,0.055367487266659736,0.05,warning
1761299364.8318255,384,outlier_rate,0.0527183823287487,0.05,warning
1761299364.8793766,385,outlier_rate,0.1015398046374321,0.1,critical
1761299364.9267004,386,outlier_rate,0.0650414526462555,0.05,warning
1761299364.973012,387,outlier_rate,0.05264627009630203,0.05,warning
1761299365.0507636,389,outlier_rate,0.05840364098548889,0.05,warning
1761299365.0960124,390,outlier_rate,0.05996130034327507,0.05,warning
1761299365.1375456,391,outlier_rate,0.057814686223864556,0.05,warning
1761299365.1803758,392,outlier_rate,0.06077478438997198,0.05,warning
1761299365.2269146,393,outlier_rate,0.05275772824883461,0.05,warning
1761299365.2673247,394,outlier_rate,0.05829642377793789,0.05,warning
1761299365.3076744,395,outlier_rate,0.05456426739692688,0.05,warning
1761299365.3471098,396,outlier_rate,0.05498313158750534,0.05,warning
1761299365.3862755,397,outlier_rate,0.05665061715990305,0.05,warning
1761299365.4277043,398,outlier_rate,0.07324990674853325,0.05,warning
1761299365.4705274,399,outlier_rate,0.056791638247668745,0.05,warning
1761299365.512352,400,outlier_rate,0.06568340957164764,0.05,warning
1761299365.5561814,401,outlier_rate,0.05670855939388275,0.05,warning
1761299365.5983777,402,outlier_rate,0.05605187267065048,0.05,warning
1761299365.6431503,403,outlier_rate,0.0553918494656682,0.05,warning
1761299365.6868622,404,outlier_rate,0.06157267540693283,0.05,warning
1761299365.72831,405,outlier_rate,0.07444052286446094,0.05,warning
1761299365.7659864,406,outlier_rate,0.06469772011041641,0.05,warning
1761299365.8124642,407,outlier_rate,0.08519311249256134,0.05,warning
1761299365.859197,408,outlier_rate,0.056523792408406735,0.05,warning
1761299365.9010737,409,outlier_rate,0.05651037529110908,0.05,warning
1761299365.9455926,410,outlier_rate,0.07703088879585267,0.05,warning
1761299365.9894774,411,outlier_rate,0.07616938650608063,0.05,warning
1761299366.0363054,412,outlier_rate,0.05371541529893875,0.05,warning
1761299366.0830157,413,outlier_rate,0.05949951332062483,0.05,warning
1761299366.1257646,414,outlier_rate,0.06822452694177628,0.05,warning
1761299366.2058442,416,outlier_rate,0.05995508692425994,0.05,warning
1761299366.2517862,417,outlier_rate,0.07188150066882372,0.05,warning
1761299366.3349516,419,outlier_rate,0.06320750713348389,0.05,warning
1761299366.375667,420,outlier_rate,0.06881190106272697,0.05,warning
1761299366.4182546,421,outlier_rate,0.05204856909811497,0.05,warning
1761299366.4598336,422,outlier_rate,0.052272167056798935,0.05,warning
1761299366.5022883,423,outlier_rate,0.06400711089372635,0.05,warning
1761299366.5481339,424,outlier_rate,0.055026108995079995,0.05,warning
1761299366.590337,425,outlier_rate,0.07595319606363773,0.05,warning
1761299366.6313426,426,outlier_rate,0.058105783611536024,0.05,warning
1761299366.6765788,427,outlier_rate,0.06841112032532692,0.05,warning
1761299366.7194424,428,outlier_rate,0.06712496280670166,0.05,warning
1761299366.7619903,429,outlier_rate,0.0607047975063324,0.05,warning
1761299366.8043234,430,outlier_rate,0.08973319225013256,0.05,warning
1761299366.892205,432,outlier_rate,0.052703248733092865,0.05,warning
1761299366.9328344,433,outlier_rate,0.07893010422587395,0.05,warning
1761299366.9792986,434,outlier_rate,0.056315407156944275,0.05,warning
1761299367.0202913,435,outlier_rate,0.057442548237741,0.05,warning
1761299367.0631328,436,outlier_rate,0.06388995051383972,0.05,warning
1761299367.1075714,437,outlier_rate,0.053902048617601395,0.05,warning
1761299367.154523,438,outlier_rate,0.06286470495164394,0.05,warning
1761299367.2032065,439,outlier_rate,0.05642707645893097,0.05,warning
1761299367.248055,440,outlier_rate,0.05663856118917465,0.05,warning
1761299367.2959146,441,outlier_rate,0.08388070546090604,0.05,warning
1761299367.3415008,442,outlier_rate,0.07413473236090674,0.05,warning
1761299367.3842883,443,outlier_rate,0.05456426739692688,0.05,warning
1761299367.4318037,444,outlier_rate,0.07467712920159102,0.05,warning
1761299367.5148108,446,outlier_rate,0.06290839612483978,0.05,warning
1761299367.5567434,447,outlier_rate,0.06332320790251961,0.05,warning
1761299367.60413,448,outlier_rate,0.06188694015145302,0.05,warning
1761299367.6875303,450,outlier_rate,0.05684785917401314,0.05,warning
1761299367.7309353,451,outlier_rate,0.05993959598243236,0.05,warning
1761299367.7774906,452,outlier_rate,0.07429609447717667,0.05,warning
1761299367.82416,453,outlier_rate,0.057959397210296075,0.05,warning
1761299367.8643816,454,outlier_rate,0.06180718541145325,0.05,warning
1761299367.9116616,455,outlier_rate,0.05881643407046795,0.05,warning
1761299367.9584813,456,outlier_rate,0.06533491545004785,0.05,warning
1761299368.003174,457,outlier_rate,0.057629235908389094,0.05,warning
1761299368.0411458,458,outlier_rate,0.06922881133854389,0.05,warning
1761299368.0854616,459,outlier_rate,0.053701844066381454,0.05,warning
1761299368.1282098,460,outlier_rate,0.058862829020246865,0.05,warning
1761299368.1721716,461,outlier_rate,0.06564573427547651,0.05,warning
1761299368.2148275,462,outlier_rate,0.055007324069738385,0.05,warning
1761299368.2579794,463,outlier_rate,0.05995508692425994,0.05,warning
1761299368.301004,464,outlier_rate,0.08065301902592183,0.05,warning
1761299368.346971,465,outlier_rate,0.06199339747428894,0.05,warning
1761299368.3893983,466,outlier_rate,0.05910264961938891,0.05,warning
1761299368.47784,468,outlier_rate,0.05877148314866991,0.05,warning
1761299368.5266573,469,outlier_rate,0.05375617075711489,0.05,warning
1761299368.5721915,470,outlier_rate,0.06365043088409254,0.05,warning
1761299368.6156943,471,outlier_rate,0.061530716717243195,0.05,warning
1761299368.661727,472,outlier_rate,0.06206318363547325,0.05,warning
1761299368.7092314,473,outlier_rate,0.06610411755740643,0.05,warning
1761299368.7532175,474,outlier_rate,0.07922657661139965,0.05,warning
1761299368.7949653,475,outlier_rate,0.055684514343738556,0.05,warning
1761299368.880748,477,outlier_rate,0.08059655219316482,0.05,warning
1761299368.9243379,478,outlier_rate,0.05988188926130533,0.05,warning
1761299368.9710708,479,outlier_rate,0.0644544354826212,0.05,warning
1761299369.0168922,480,outlier_rate,0.056937306672334674,0.05,warning
1761299369.0617616,481,outlier_rate,0.06998501492664218,0.05,warning
1761299369.103692,482,outlier_rate,0.07092260502278805,0.05,warning
1761299369.1498466,483,outlier_rate,0.06239271790532146,0.05,warning
1761299369.225937,485,outlier_rate,0.08119742400944233,0.05,warning
1761299369.2729673,486,outlier_rate,0.07623444613069295,0.05,warning
1761299369.315103,487,outlier_rate,0.06958927811744313,0.05,warning
1761299369.361172,488,outlier_rate,0.053396193474722214,0.05,warning
1761299369.413579,489,outlier_rate,0.05469755623489618,0.05,warning
1761299369.4627318,490,outlier_rate,0.06150127202272415,0.05,warning
1761299369.5049632,491,outlier_rate,0.06433197110891342,0.05,warning
1761299369.5512924,492,outlier_rate,0.052926767840981485,0.05,warning
1761299369.5957167,493,outlier_rate,0.08310090564191341,0.05,warning
1761299369.6382756,494,outlier_rate,0.06629400510340928,0.05,warning
1761299369.6777043,495,outlier_rate,0.061465663015842435,0.05,warning
1761299369.7219434,496,outlier_rate,0.05251635983586311,0.05,warning
1761299369.7631142,497,outlier_rate,0.08061738312244415,0.05,warning
1761299369.8060598,498,outlier_rate,0.05306158389896155,0.05,warning
1761299369.845457,499,outlier_rate,0.08148792982101441,0.05,warning
1761299369.8886213,500,outlier_rate,0.06953111290931702,0.05,warning
1761299369.9302,501,outlier_rate,0.07297980040311813,0.05,warning
1761299369.9763272,502,outlier_rate,0.05541393879315128,0.05,warning
1761299370.0196328,503,outlier_rate,0.06468205127827323,0.05,warning
1761299370.0617301,504,outlier_rate,0.06604267087711051,0.05,warning
1761299370.1044726,505,outlier_rate,0.08034463971853256,0.05,warning
1761299370.1460745,506,outlier_rate,0.05056079477071762,0.05,warning
1761299370.1902199,507,outlier_rate,0.05456426739692688,0.05,warning
1761299370.2359056,508,outlier_rate,0.07788269221782684,0.05,warning
1761299370.2768161,509,outlier_rate,0.0630936548113823,0.05,warning
1761299370.3229048,510,outlier_rate,0.05724981329353557,0.05,warning
1761299370.3667126,511,outlier_rate,0.08097793087363243,0.05,warning
1761299370.4088757,512,outlier_rate,0.053324783220887184,0.05,warning
1761299370.4513738,513,outlier_rate,0.057450615763664246,0.05,warning
1761299370.4931874,514,outlier_rate,0.06396881189197302,0.05,warning
1761299370.5356154,515,outlier_rate,0.055468501374125484,0.05,warning
1761299370.578186,516,outlier_rate,0.08274177111685276,0.05,warning
1761299370.620757,517,outlier_rate,0.07033683359622955,0.05,warning
1761299370.7049432,519,outlier_rate,0.054442013539373876,0.05,warning
1761299370.750874,520,outlier_rate,0.05279550306499004,0.05,warning
1761299370.7953737,521,outlier_rate,0.06478372776082585,0.05,warning
1761299370.8346832,522,outlier_rate,0.06996469408273696,0.05,warning
1761299370.878062,523,outlier_rate,0.05382196857123588,0.05,warning
1761299370.9208457,524,outlier_rate,0.06077780619263649,0.05,warning
1761299370.9651139,525,outlier_rate,0.058386276476085186,0.05,warning
1761299371.0091126,526,outlier_rate,0.05366690084338188,0.05,warning
1761299371.0513465,527,outlier_rate,0.057629195153713224,0.05,warning
1761299371.094506,528,outlier_rate,0.06253355741500854,0.05,warning
1761299371.1387858,529,outlier_rate,0.05676203593611717,0.05,warning
1761299371.2288294,531,outlier_rate,0.06430456787347794,0.05,warning
1761299371.2711575,532,outlier_rate,0.058991752268187196,0.05,warning
1761299371.3188405,533,outlier_rate,0.06091982416808605,0.05,warning
1761299371.359179,534,outlier_rate,0.06433134965598583,0.05,warning
1761299371.4466352,536,outlier_rate,0.08057627156376838,0.05,warning
1761299371.491102,537,outlier_rate,0.058297998122870925,0.05,warning
1761299371.5337582,538,outlier_rate,0.05240753546357155,0.05,warning
1761299371.5777454,539,outlier_rate,0.06117930200626314,0.05,warning
1761299371.6163733,540,outlier_rate,0.05226224288344383,0.05,warning
1761299371.6576583,541,outlier_rate,0.061017763577401636,0.05,warning
1761299371.704493,542,outlier_rate,0.058997560292482376,0.05,warning
1761299371.7463071,543,outlier_rate,0.06336389482021332,0.05,warning
1761299371.790008,544,outlier_rate,0.0569446712359786,0.05,warning
1761299371.8320565,545,outlier_rate,0.06369223564863205,0.05,warning
1761299371.8770685,546,outlier_rate,0.06489680394530296,0.05,warning
1761299371.9199736,547,outlier_rate,0.05197213962674141,0.05,warning
1761299371.9623508,548,outlier_rate,0.057514119893312454,0.05,warning
1761299371.9991405,549,outlier_rate,0.056975509971380234,0.05,warning
1761299372.040185,550,outlier_rate,0.05853292863816023,0.05,warning
1761299372.0799692,551,outlier_rate,0.05611168220639229,0.05,warning
1761299372.1671183,553,outlier_rate,0.05996130034327507,0.05,warning
1761299372.2090228,554,outlier_rate,0.056104285046458244,0.05,warning
1761299372.2492385,555,outlier_rate,0.051267433427274224,0.05,warning
1761299372.2912474,556,outlier_rate,0.06033465266227722,0.05,warning
1761299372.3382728,557,outlier_rate,0.0763594688475132,0.05,warning
1761299372.3850276,558,outlier_rate,0.08237296556433042,0.05,warning
1761299372.473346,560,outlier_rate,0.060970704220235344,0.05,warning
1761299372.513493,561,outlier_rate,0.052936005871742964,0.05,warning
1761299372.5549808,562,outlier_rate,0.05904250174760819,0.05,warning
1761299372.597097,563,outlier_rate,0.07645091414451599,0.05,warning
1761299372.6425767,564,outlier_rate,0.056882753893733026,0.05,warning
1761299372.6842003,565,outlier_rate,0.056909793317317964,0.05,warning
1761299372.7315083,566,outlier_rate,0.05823833242058754,0.05,warning
1761299372.7724168,567,outlier_rate,0.07471152491867543,0.05,warning
1761299372.8185778,568,outlier_rate,0.061380719393491746,0.05,warning
1761299372.8615754,569,outlier_rate,0.06091725688427687,0.05,warning
1761299372.9074337,570,outlier_rate,0.0758250504732132,0.05,warning
1761299372.952938,571,outlier_rate,0.06333965063095093,0.05,warning
1761299373.0328548,573,outlier_rate,0.05072810500860214,0.05,warning
1761299373.0803483,574,outlier_rate,0.06417222250252962,0.05,warning
1761299373.124197,575,outlier_rate,0.05663856118917465,0.05,warning
1761299373.167822,576,outlier_rate,0.06013300087302923,0.05,warning
1761299373.2145336,577,outlier_rate,0.05021503005176783,0.05,warning
1761299373.2596982,578,outlier_rate,0.06530352234840393,0.05,warning
1761299373.3057728,579,outlier_rate,0.057902209907770154,0.05,warning
1761299373.3502083,580,outlier_rate,0.07865823783725501,0.05,warning
1761299373.3917704,581,outlier_rate,0.06843733787536621,0.05,warning
1761299373.4376652,582,outlier_rate,0.07162267711140703,0.05,warning
1761299373.4780712,583,outlier_rate,0.06414972512953468,0.05,warning
1761299373.5238233,584,outlier_rate,0.053631845861673355,0.05,warning
1761299373.5636895,585,outlier_rate,0.07093820624053478,0.05,warning
1761299373.6103933,586,outlier_rate,0.053123725801706316,0.05,warning
1761299373.6951432,588,outlier_rate,0.05657663740217686,0.05,warning
1761299373.7372222,589,outlier_rate,0.05864180434495211,0.05,warning
1761299373.7816875,590,outlier_rate,0.06378800421953201,0.05,warning
1761299373.824592,591,outlier_rate,0.066451795399189,0.05,warning
1761299373.8698335,592,outlier_rate,0.06763707369565963,0.05,warning
1761299373.9129536,593,outlier_rate,0.05171919986605644,0.05,warning
1761299373.956663,594,outlier_rate,0.06014501675963402,0.05,warning
1761299374.0027056,595,outlier_rate,0.06566020846366882,0.05,warning
1761299374.0416315,596,outlier_rate,0.08445725224912166,0.05,warning
1761299374.0847855,597,outlier_rate,0.05889125261455774,0.05,warning
1761299374.133842,598,outlier_rate,0.06518285695988331,0.05,warning
1761299374.1770139,599,outlier_rate,0.05474273332527705,0.05,warning
1761299374.225327,600,outlier_rate,0.05397617444396019,0.05,warning
1761299374.2737937,601,outlier_rate,0.07033683359622955,0.05,warning
1761299374.3220277,602,outlier_rate,0.0693892465531826,0.05,warning
1761299374.3683267,603,outlier_rate,0.058595614669099155,0.05,warning
1761299374.4151895,604,outlier_rate,0.05639705951139331,0.05,warning
1761299374.4644866,605,outlier_rate,0.05951739598438143,0.05,warning
1761299374.5034313,606,outlier_rate,0.07418689653277397,0.05,warning
1761299374.5457008,607,outlier_rate,0.0649646744132042,0.05,warning
1761299374.587979,608,outlier_rate,0.06167951226234436,0.05,warning
1761299374.6340518,609,outlier_rate,0.06493400774896145,0.05,warning
1761299374.67766,610,outlier_rate,0.0585899643227458,0.05,warning
1761299374.7212863,611,outlier_rate,0.07616938650608063,0.05,warning
1761299374.7660136,612,outlier_rate,0.07625935845077038,0.05,warning
1761299374.8112512,613,outlier_rate,0.05297141522169113,0.05,warning
1761299374.859471,614,outlier_rate,0.06987797237932682,0.05,warning
1761299374.9047432,615,outlier_rate,0.062008907683193684,0.05,warning
1761299374.9490497,616,outlier_rate,0.06510603945702315,0.05,warning
1761299374.9952486,617,outlier_rate,0.08175664037466049,0.05,warning
1761299375.0422802,618,outlier_rate,0.05969803459942341,0.05,warning
1761299375.0890415,619,outlier_rate,0.05941575109958649,0.05,warning
1761299375.1343856,620,outlier_rate,0.07392113126814365,0.05,warning
1761299375.1788485,621,outlier_rate,0.07102128397673368,0.05,warning
1761299375.2268066,622,outlier_rate,0.08524507343769074,0.05,warning
1761299375.2779818,623,outlier_rate,0.06041127450764179,0.05,warning
1761299375.3203037,624,outlier_rate,0.0609340362415782,0.05,warning
1761299375.3638349,625,outlier_rate,0.062301191613078115,0.05,warning
1761299375.4075859,626,outlier_rate,0.06486199247029921,0.05,warning
1761299375.4503596,627,outlier_rate,0.06302648581564427,0.05,warning
1761299375.4936903,628,outlier_rate,0.052136913124262,0.05,warning
1761299375.5387175,629,outlier_rate,0.0768392676860094,0.05,warning
1761299375.5823157,630,outlier_rate,0.05468437830774339,0.05,warning
1761299375.6288342,631,outlier_rate,0.058773812714964145,0.05,warning
1761299375.672468,632,outlier_rate,0.057967538759112355,0.05,warning
1761299375.719259,633,outlier_rate,0.054818913787603375,0.05,warning
1761299375.7672105,634,outlier_rate,0.06894713737070561,0.05,warning
1761299375.8074925,635,outlier_rate,0.058509406670928,0.05,warning
1761299375.8503535,636,outlier_rate,0.05224582858383656,0.05,warning
1761299375.8890805,637,outlier_rate,0.05280686881393194,0.05,warning
1761299375.9314816,638,outlier_rate,0.06314560279250145,0.05,warning
1761299375.976339,639,outlier_rate,0.06066455833613873,0.05,warning
1761299376.0197325,640,outlier_rate,0.0707265254110098,0.05,warning
1761299376.0653222,641,outlier_rate,0.07162267711140703,0.05,warning
1761299376.1078763,642,outlier_rate,0.05022004246711731,0.05,warning
1761299376.1510155,643,outlier_rate,0.05380390159785747,0.05,warning
1761299376.1930997,644,outlier_rate,0.05466299120336771,0.05,warning
1761299376.231811,645,outlier_rate,0.0589762333418252,0.05,warning
1761299376.2746792,646,outlier_rate,0.07621368765830994,0.05,warning
1761299376.315215,647,outlier_rate,0.06755281239748001,0.05,warning
1761299376.3577533,648,outlier_rate,0.07744990088045597,0.05,warning
1761299376.397571,649,outlier_rate,0.052418437302112576,0.05,warning
1761299376.4438355,650,outlier_rate,0.06592859327793121,0.05,warning
1761299376.487965,651,outlier_rate,0.09023359552025795,0.05,warning
1761299376.5357685,652,outlier_rate,0.05753185674548149,0.05,warning
1761299376.5754547,653,outlier_rate,0.05468404380728801,0.05,warning
1761299376.6196039,654,outlier_rate,0.08318073846399784,0.05,warning
1761299376.6604564,655,outlier_rate,0.058386276476085186,0.05,warning
1761299376.700987,656,outlier_rate,0.061306518092751505,0.05,warning
1761299376.7425237,657,outlier_rate,0.06226107478141785,0.05,warning
1761299376.7898414,658,outlier_rate,0.055415423735976216,0.05,warning
1761299376.8330717,659,outlier_rate,0.061877564094908306,0.05,warning
1761299376.916645,661,outlier_rate,0.05888510901480913,0.05,warning
1761299376.9617126,662,outlier_rate,0.056315407156944275,0.05,warning
1761299377.007024,663,outlier_rate,0.0550569986179471,0.05,warning
1761299377.0480506,664,outlier_rate,0.07417727291584014,0.05,warning
1761299377.0943658,665,outlier_rate,0.060665738694369795,0.05,warning
1761299377.1419365,666,outlier_rate,0.057631704956293106,0.05,warning
1761299377.1838355,667,outlier_rate,0.0647380480002373,0.05,warning
1761299377.2706747,669,outlier_rate,0.07029222436249256,0.05,warning
1761299377.3129592,670,outlier_rate,0.05481347766518593,0.05,warning
1761299377.353683,671,outlier_rate,0.054187461771070956,0.05,warning
1761299377.4442017,673,outlier_rate,0.05306584111714544,0.05,warning
1761299377.4868658,674,outlier_rate,0.06174138221889734,0.05,warning
1761299377.5298512,675,outlier_rate,0.07049243897199631,0.05,warning
1761299377.6194122,677,outlier_rate,0.05295559763908386,0.05,warning
1761299377.666472,678,outlier_rate,0.06176080357283354,0.05,warning
1761299377.7095773,679,outlier_rate,0.07298448972404004,0.05,warning
1761299377.7534359,680,outlier_rate,0.0661895565316081,0.05,warning
1761299377.7977068,681,outlier_rate,0.05446020074839157,0.05,warning
1761299377.840477,682,outlier_rate,0.06117930200626314,0.05,warning
1761299377.8821888,683,outlier_rate,0.07570966333150864,0.05,warning
1761299377.9663641,685,outlier_rate,0.062234945595264435,0.05,warning
1761299378.0092518,686,outlier_rate,0.06558665439486504,0.05,warning
1761299378.051255,687,outlier_rate,0.0629001523554325,0.05,warning
1761299378.0994573,688,outlier_rate,0.055849547535181045,0.05,warning
1761299378.1467967,689,outlier_rate,0.08151981790186394,0.05,warning
1761299378.193225,690,outlier_rate,0.05885034799575806,0.05,warning
1761299378.2426517,691,outlier_rate,0.06832032992194095,0.05,warning
1761299378.2882783,692,outlier_rate,0.0585584232583642,0.05,warning
1761299378.3279626,693,outlier_rate,0.06593982130289078,0.05,warning
1761299378.373504,694,outlier_rate,0.07554115101695061,0.05,warning
1761299378.4162087,695,outlier_rate,0.07006576508283616,0.05,warning
1761299378.458715,696,outlier_rate,0.0562443296611309,0.05,warning
1761299378.4982712,697,outlier_rate,0.057511894479393956,0.05,warning
1761299378.5364742,698,outlier_rate,0.05584087298906002,0.05,warning
1761299378.5789444,699,outlier_rate,0.08809670805931091,0.05,warning
1761299378.6238678,700,outlier_rate,0.053431525863707065,0.05,warning
1761299378.673103,701,outlier_rate,0.05397617444396019,0.05,warning
1761299378.7575152,702,outlier_rate,0.06843345373868942,0.05,warning
1761299378.798278,703,outlier_rate,0.05529966950416565,0.05,warning
1761299378.842365,704,outlier_rate,0.060345299318432806,0.05,warning
1761299378.8851655,705,outlier_rate,0.05501084003597498,0.05,warning
1761299378.9719229,707,outlier_rate,0.05646279675895581,0.05,warning
1761299379.015577,708,outlier_rate,0.0692853977382183,0.05,warning
1761299379.0567367,709,outlier_rate,0.05752419240772724,0.05,warning
1761299379.1022656,710,outlier_rate,0.0560215562582016,0.05,warning
1761299379.1450233,711,outlier_rate,0.054316211491823196,0.05,warning
1761299379.1872115,712,outlier_rate,0.053032055497169495,0.05,warning
1761299379.226724,713,outlier_rate,0.05765955159440637,0.05,warning
1761299379.271843,714,outlier_rate,0.06324703991413116,0.05,warning
1761299379.3117855,715,outlier_rate,0.06204597279429436,0.05,warning
1761299379.3568788,716,outlier_rate,0.06117930200626314,0.05,warning
1761299379.4038112,717,outlier_rate,0.06012185290455818,0.05,warning
1761299379.44897,718,outlier_rate,0.05725516833364964,0.05,warning
1761299379.4949439,719,outlier_rate,0.05092657573521137,0.05,warning
1761299379.5418613,720,outlier_rate,0.062149427823016516,0.05,warning
1761299379.5847104,721,outlier_rate,0.06379980757832528,0.05,warning
1761299379.6349573,722,outlier_rate,0.05701222211122513,0.05,warning
1761299379.6868687,723,outlier_rate,0.06332320790251961,0.05,warning
1761299379.7299724,724,outlier_rate,0.054213889534585176,0.05,warning
1761299379.7726185,725,outlier_rate,0.05282011561095715,0.05,warning
1761299379.817989,726,outlier_rate,0.06255342811346054,0.05,warning
1761299379.8630607,727,outlier_rate,0.06593982130289078,0.05,warning
1761299379.9062643,728,outlier_rate,0.06094476208090782,0.05,warning
1761299379.9491515,729,outlier_rate,0.050364090725779534,0.05,warning
1761299379.9930136,730,outlier_rate,0.08401268981397152,0.05,warning
1761299380.0396862,731,outlier_rate,0.05814782040348945,0.05,warning
1761299380.0820398,732,outlier_rate,0.059052107036113737,0.05,warning
1761299380.1226187,733,outlier_rate,0.06902187645435333,0.05,warning
1761299380.1615849,734,outlier_rate,0.0549962020246312,0.05,warning
1761299380.2080176,735,outlier_rate,0.05197213962674141,0.05,warning
1761299380.2535205,736,outlier_rate,0.05592808056622744,0.05,warning
1761299380.2939317,737,outlier_rate,0.05664028201252222,0.05,warning
1761299380.3328822,738,outlier_rate,0.0790415919261674,0.05,warning
1761299380.3810208,739,outlier_rate,0.055768780410289764,0.05,warning
1761299380.4246554,740,outlier_rate,0.07194825261831284,0.05,warning
1761299380.471833,741,outlier_rate,0.06596274542311828,0.05,warning
1761299380.518766,742,outlier_rate,0.06392746418714523,0.05,warning
1761299380.5616398,743,outlier_rate,0.05816152013838291,0.05,warning
1761299380.613158,744,outlier_rate,0.053121961653232574,0.05,warning
1761299380.6587126,745,outlier_rate,0.05421760179102421,0.05,warning
1761299380.7025568,746,outlier_rate,0.06604240080746057,0.05,warning
1761299380.748257,747,outlier_rate,0.05505748093128204,0.05,warning
1761299380.8296714,749,outlier_rate,0.050706747035806375,0.05,warning
1761299380.874686,750,outlier_rate,0.05663856118917465,0.05,warning
1761299380.9186726,751,outlier_rate,0.07378153592348098,0.05,warning
1761299380.9614184,752,outlier_rate,0.07054396718740463,0.05,warning
1761299381.0093126,753,outlier_rate,0.07123790308833122,0.05,warning
1761299381.05695,754,outlier_rate,0.06310847401618958,0.05,warning
1761299381.1041903,755,outlier_rate,0.05100562460720539,0.05,warning
1761299381.1507995,756,outlier_rate,0.06564573427547651,0.05,warning
1761299381.198121,757,outlier_rate,0.053052644990384576,0.05,warning
1761299381.2421474,758,outlier_rate,0.06255824004644434,0.05,warning
1761299381.2900176,759,outlier_rate,0.0610794760286808,0.05,warning
1761299381.332822,760,outlier_rate,0.07517625711858272,0.05,warning
1761299381.3781037,761,outlier_rate,0.08306915171444416,0.05,warning
1761299381.4207203,762,outlier_rate,0.06170457974076271,0.05,warning
1761299381.4629283,763,outlier_rate,0.06017298251390457,0.05,warning
1761299381.50748,764,outlier_rate,0.07399002116173506,0.05,warning
1761299381.5507193,765,outlier_rate,0.05917097944766283,0.05,warning
1761299381.5908568,766,outlier_rate,0.0540568083524704,0.05,warning
1761299381.6280339,767,outlier_rate,0.08224895104765892,0.05,warning
1761299381.6701577,768,outlier_rate,0.05569814145565033,0.05,warning
1761299381.713082,769,outlier_rate,0.06119733957038176,0.05,warning
1761299381.7591276,770,outlier_rate,0.05277571174626549,0.05,warning
1761299381.8043332,771,outlier_rate,0.07731885321438313,0.05,warning
1761299381.8535082,772,outlier_rate,0.06792853862047195,0.05,warning
1761299381.8965693,773,outlier_rate,0.07858430430293083,0.05,warning
1761299381.9390213,774,outlier_rate,0.06371786581352352,0.05,warning
1761299381.9787486,775,outlier_rate,0.06770416438579559,0.05,warning
1761299382.0185452,776,outlier_rate,0.05234549194574356,0.05,warning
1761299382.0708647,777,outlier_rate,0.05935983024537563,0.05,warning
1761299382.1166644,778,outlier_rate,0.05439004007726908,0.05,warning
1761299382.1661956,779,outlier_rate,0.06401216588748007,0.05,warning
1761299382.2042696,780,outlier_rate,0.05735952639910114,0.05,warning
1761299382.2488513,781,outlier_rate,0.05677395686507225,0.05,warning
1761299382.2916682,782,outlier_rate,0.05901823554188013,0.05,warning
1761299382.3351731,783,outlier_rate,0.05548807628452778,0.05,warning
1761299382.3771777,784,outlier_rate,0.06070930451154709,0.05,warning
1761299382.420859,785,outlier_rate,0.051868685446679594,0.05,warning
1761299382.4633527,786,outlier_rate,0.07014091312885284,0.05,warning
1761299382.5064592,787,outlier_rate,0.055497886687517164,0.05,warning
1761299382.5475788,788,outlier_rate,0.06979165896773339,0.05,warning
1761299382.5870657,789,outlier_rate,0.06188694015145302,0.05,warning
1761299382.6306403,790,outlier_rate,0.06047741618007421,0.05,warning
1761299382.7142992,792,outlier_rate,0.06504356063902378,0.05,warning
1761299382.759076,793,outlier_rate,0.06687411665916443,0.05,warning
1761299382.8043754,794,outlier_rate,0.06894713737070561,0.05,warning
1761299382.8507087,795,outlier_rate,0.07467044144868851,0.05,warning
1761299382.896621,796,outlier_rate,0.07279316335916519,0.05,warning
1761299382.940666,797,outlier_rate,0.07520805299282074,0.05,warning
1761299382.9833262,798,outlier_rate,0.057725262865424155,0.05,warning
1761299383.025187,799,outlier_rate,0.05487794056534767,0.05,warning
1761299383.0713458,800,outlier_rate,0.06143365394324064,0.05,warning
1761299383.1104357,801,outlier_rate,0.09247516751289368,0.05,warning
1761299383.150458,802,outlier_rate,0.06608529902994632,0.05,warning
1761299383.1924045,803,outlier_rate,0.058385153636336326,0.05,warning
1761299383.2341156,804,outlier_rate,0.052076391875743866,0.05,warning
1761299383.2755039,805,outlier_rate,0.06241695731878281,0.05,warning
1761299383.322249,806,outlier_rate,0.05516288410872221,0.05,warning
1761299383.367954,807,outlier_rate,0.05256612855941057,0.05,warning
1761299383.4153922,808,outlier_rate,0.06019532084465027,0.05,warning
1761299383.4565299,809,outlier_rate,0.07732289709150791,0.05,warning
1761299383.495063,810,outlier_rate,0.061116831682622434,0.05,warning
1761299383.5429711,811,outlier_rate,0.06044073775410652,0.05,warning
1761299383.5859663,812,outlier_rate,0.057309949311117325,0.05,warning
1761299383.6288974,813,outlier_rate,0.061530716717243195,0.05,warning
1761299383.6699746,814,outlier_rate,0.06155830591917038,0.05,warning
1761299383.7121882,815,outlier_rate,0.06351551130414008,0.05,warning
1761299383.755359,816,outlier_rate,0.05934185486286878,0.05,warning
1761299383.7979,817,outlier_rate,0.06059231142203012,0.05,warning
1761299383.8444643,818,outlier_rate,0.06805952407916388,0.05,warning
1761299383.8913896,819,outlier_rate,0.06447293132543563,0.05,warning
1761299383.9352124,820,outlier_rate,0.056640418228370265,0.05,warning
1761299383.983288,821,outlier_rate,0.05972024668008089,0.05,warning
1761299384.0290542,822,outlier_rate,0.06119583129882813,0.05,warning
1761299384.06932,823,outlier_rate,0.06548379361629486,0.05,warning
1761299384.115922,824,outlier_rate,0.062334101647138596,0.05,warning
1761299384.1609702,825,outlier_rate,0.06222081796399184,0.05,warning
1761299384.2042422,826,outlier_rate,0.07225480705035929,0.05,warning
1761299384.2509391,827,outlier_rate,0.09934008792042733,0.05,warning
1761299384.29192,828,outlier_rate,0.07777214646339417,0.05,warning
1761299384.3393774,829,outlier_rate,0.06488128006458282,0.05,warning
1761299384.4241936,831,outlier_rate,0.05508212557773431,0.05,warning
1761299384.4671896,832,outlier_rate,0.057671044021844864,0.05,warning
1761299384.5114484,833,outlier_rate,0.06722059892319447,0.05,warning
1761299384.5533853,834,outlier_rate,0.06957663446664811,0.05,warning
1761299384.5946918,835,outlier_rate,0.066451795399189,0.05,warning
1761299384.6409214,836,outlier_rate,0.08937577158212662,0.05,warning
1761299384.6822596,837,outlier_rate,0.05639009088277817,0.05,warning
1761299384.7291315,838,outlier_rate,0.0679539081454277,0.05,warning
1761299384.7724948,839,outlier_rate,0.06755281239748001,0.05,warning
1761299384.8139095,840,outlier_rate,0.051171737164258956,0.05,warning
1761299384.8595407,841,outlier_rate,0.055227868035435675,0.05,warning
1761299384.9056706,842,outlier_rate,0.05726503120959705,0.05,warning
1761299384.9465477,843,outlier_rate,0.06497489590197801,0.05,warning
1761299384.989691,844,outlier_rate,0.08133107386529445,0.05,warning
1761299385.0320203,845,outlier_rate,0.054176557809114456,0.05,warning
1761299385.0738454,846,outlier_rate,0.06054244365543127,0.05,warning
1761299385.1153867,847,outlier_rate,0.054403748363256454,0.05,warning
1761299385.1631892,848,outlier_rate,0.05479396879673004,0.05,warning
1761299385.204254,849,outlier_rate,0.07593516297638417,0.05,warning
1761299385.2527575,850,outlier_rate,0.06830828063189984,0.05,warning
1761299385.296516,851,outlier_rate,0.06435919541865587,0.05,warning
1761299385.344943,852,outlier_rate,0.06439630970358849,0.05,warning
1761299385.39031,853,outlier_rate,0.054885730147361755,0.05,warning
1761299385.4323208,854,outlier_rate,0.06112235501408577,0.05,warning
1761299385.480921,855,outlier_rate,0.061891213059425354,0.05,warning
1761299385.5274563,856,outlier_rate,0.06095053628087044,0.05,warning
1761299385.570644,857,outlier_rate,0.07332353293895721,0.05,warning
1761299385.6139224,858,outlier_rate,0.05216634314631023,0.05,warning
1761299385.656909,859,outlier_rate,0.055733897611498835,0.05,warning
1761299385.6986399,860,outlier_rate,0.05048053067177534,0.05,warning
1761299385.745164,861,outlier_rate,0.06231254231927667,0.05,warning
1761299385.8296597,863,outlier_rate,0.058336835391819476,0.05,warning
1761299385.8761156,864,outlier_rate,0.06348904222249985,0.05,warning
1761299385.9217026,865,outlier_rate,0.06698711939156056,0.05,warning
1761299385.9710617,866,outlier_rate,0.05149364244192839,0.05,warning
1761299386.013914,867,outlier_rate,0.06078446436673403,0.05,warning
1761299386.0562792,868,outlier_rate,0.05680471993982792,0.05,warning
1761299386.0996864,869,outlier_rate,0.05701222211122513,0.05,warning
1761299386.14642,870,outlier_rate,0.05318693365901708,0.05,warning
1761299386.1930985,871,outlier_rate,0.06952595002949238,0.05,warning
1761299386.2395337,872,outlier_rate,0.06487078912556171,0.05,warning
1761299386.2840385,873,outlier_rate,0.05389922036076257,0.05,warning
1761299386.324192,874,outlier_rate,0.08663283288478851,0.05,warning
1761299386.3707116,875,outlier_rate,0.05437425747513771,0.05,warning
1761299386.419215,876,outlier_rate,0.06703466352075338,0.05,warning
1761299386.4611716,877,outlier_rate,0.07031072899699212,0.05,warning
1761299386.5074074,878,outlier_rate,0.06348136812448502,0.05,warning
1761299386.5495026,879,outlier_rate,0.07818815112113953,0.05,warning
1761299386.591055,880,outlier_rate,0.06084319978952408,0.05,warning
1761299386.6336372,881,outlier_rate,0.05409510195255279,0.05,warning
1761299386.6749318,882,outlier_rate,0.06504197023808957,0.05,warning
1761299386.7182968,883,outlier_rate,0.05380532145500183,0.05,warning
1761299386.7633128,884,outlier_rate,0.05740988209843636,0.05,warning
1761299386.8090684,885,outlier_rate,0.06078277062624693,0.05,warning
1761299386.85274,886,outlier_rate,0.07993851900100708,0.05,warning
1761299386.9025874,887,outlier_rate,0.057176359817385676,0.05,warning
1761299386.9483085,888,outlier_rate,0.08133107386529445,0.05,warning
1761299386.9948168,889,outlier_rate,0.059318000227212904,0.05,warning
1761299387.0376399,890,outlier_rate,0.07717910431325435,0.05,warning
1761299387.0788803,891,outlier_rate,0.052648384124040604,0.05,warning
1761299387.125174,892,outlier_rate,0.0576506083458662,0.05,warning
1761299387.1719847,893,outlier_rate,0.054440686479210854,0.05,warning
1761299387.2147894,894,outlier_rate,0.059848339781165126,0.05,warning
1761299387.2561212,895,outlier_rate,0.05873237727830807,0.05,warning
1761299387.3021355,896,outlier_rate,0.0591348909586668,0.05,warning
1761299387.3446753,897,outlier_rate,0.06083705335855484,0.05,warning
1761299387.3886926,898,outlier_rate,0.05830933440476656,0.05,warning
1761299387.4316077,899,outlier_rate,0.06469772011041641,0.05,warning
1761299387.4828482,900,outlier_rate,0.06360318955034018,0.05,warning
1761299387.5242078,901,outlier_rate,0.07440596968763405,0.05,warning
1761299387.572013,902,outlier_rate,0.06870853997766972,0.05,warning
1761299387.617078,903,outlier_rate,0.06112251237034798,0.05,warning
1761299387.6609223,904,outlier_rate,0.06407676792082688,0.05,warning
1761299387.7003293,905,outlier_rate,0.05979564359113283,0.05,warning
1761299387.7486656,906,outlier_rate,0.053172648772597315,0.05,warning
1761299387.7891946,907,outlier_rate,0.0626992143690586,0.05,warning
1761299387.8365235,908,outlier_rate,0.05728352662175894,0.05,warning
1761299387.8806705,909,outlier_rate,0.057336028665304184,0.05,warning
1761299387.9264903,910,outlier_rate,0.08222512520849705,0.05,warning
1761299387.9724793,911,outlier_rate,0.05483366176486015,0.05,warning
1761299388.0146165,912,outlier_rate,0.06403565526008606,0.05,warning
1761299388.0590818,913,outlier_rate,0.05321892105759488,0.05,warning
1761299388.0987954,914,outlier_rate,0.0836988314986229,0.05,warning
1761299388.1405272,915,outlier_rate,0.053009152580052614,0.05,warning
1761299388.187276,916,outlier_rate,0.05993091184645891,0.05,warning
1761299388.2335508,917,outlier_rate,0.06946903467178345,0.05,warning
1761299388.2778292,918,outlier_rate,0.08650371193885803,0.05,warning
1761299388.3213,919,outlier_rate,0.06585180759429932,0.05,warning
1761299388.362644,920,outlier_rate,0.0839401663839817,0.05,warning
1761299388.4057562,921,outlier_rate,0.06655610263347626,0.05,warning
1761299388.4509826,922,outlier_rate,0.05871598441153765,0.05,warning
1761299388.4993865,923,outlier_rate,0.05309031158685684,0.05,warning
1761299388.541955,924,outlier_rate,0.06141020458191633,0.05,warning
1761299388.584874,925,outlier_rate,0.06312623009085655,0.05,warning
1761299388.6317973,926,outlier_rate,0.05916516110301018,0.05,warning
1761299388.6768994,927,outlier_rate,0.06286176029592752,0.05,warning
1761299388.7213118,928,outlier_rate,0.06137836754322052,0.05,warning
1761299388.7674427,929,outlier_rate,0.05963824603706598,0.05,warning
1761299388.8079011,930,outlier_rate,0.06874510366469622,0.05,warning
1761299388.8915064,932,outlier_rate,0.06188423245195335,0.05,warning
1761299388.9357097,933,outlier_rate,0.07014811038970947,0.05,warning
1761299389.020812,935,outlier_rate,0.061349238641560076,0.05,warning
1761299389.088233,936,outlier_rate,0.07772510707378387,0.05,warning
1761299389.1406393,937,outlier_rate,0.05969698365777731,0.05,warning
1761299389.193679,938,outlier_rate,0.08011031411588192,0.05,warning
1761299389.2398965,939,outlier_rate,0.05265987664461136,0.05,warning
1761299389.2835534,940,outlier_rate,0.05996752440929413,0.05,warning
1761299389.3282812,941,outlier_rate,0.07523023337125778,0.05,warning
1761299389.383689,942,outlier_rate,0.06012750357062057,0.05,warning
1761299389.4291124,943,outlier_rate,0.05612639959901571,0.05,warning
1761299389.480622,944,outlier_rate,0.060466181486845016,0.05,warning
1761299389.534197,945,outlier_rate,0.054969518011140216,0.05,warning
1761299389.5777142,946,outlier_rate,0.055393147288635286,0.05,warning
1761299389.622896,947,outlier_rate,0.052105463668704034,0.05,warning
1761299389.674883,948,outlier_rate,0.054565037973225115,0.05,warning
1761299389.7279701,949,outlier_rate,0.05492814011871815,0.05,warning
1761299389.769154,950,outlier_rate,0.061877564094908306,0.05,warning
1761299389.820614,951,outlier_rate,0.05770299352705479,0.05,warning
1761299389.8721476,952,outlier_rate,0.06205941302219645,0.05,warning
1761299389.9122868,953,outlier_rate,0.06894800066947937,0.05,warning
1761299389.9622025,954,outlier_rate,0.056205091318407015,0.05,warning
1761299390.0059478,955,outlier_rate,0.0781745094805956,0.05,warning
1761299390.0599403,956,outlier_rate,0.07036356575787067,0.05,warning
1761299390.1115227,957,outlier_rate,0.0582125149667263,0.05,warning
1761299390.1550786,958,outlier_rate,0.052673451602458954,0.05,warning
1761299390.2068114,959,outlier_rate,0.05859095869027078,0.05,warning
1761299390.2588513,960,outlier_rate,0.06888128370667497,0.05,warning
1761299390.303418,961,outlier_rate,0.058170585110783574,0.05,warning
1761299390.357149,962,outlier_rate,0.05497898541390896,0.05,warning
1761299390.4086516,963,outlier_rate,0.07119657099246979,0.05,warning
1761299390.462749,964,outlier_rate,0.06432482600212097,0.05,warning
1761299390.5042284,965,outlier_rate,0.07394900292158127,0.05,warning
1761299390.5546772,966,outlier_rate,0.05470035802572966,0.05,warning
1761299390.6062748,967,outlier_rate,0.08040633287467064,0.05,warning
1761299390.6534748,968,outlier_rate,0.05293317136034778,0.05,warning
1761299390.7037444,969,outlier_rate,0.06900044966489077,0.05,warning
1761299390.7470658,970,outlier_rate,0.0577009254693985,0.05,warning
1761299390.797146,971,outlier_rate,0.05538350101560354,0.05,warning
1761299390.8382094,972,outlier_rate,0.05862548101693392,0.05,warning
1761299390.8832502,973,outlier_rate,0.06012750357062057,0.05,warning
1761299390.9346843,974,outlier_rate,0.058361269906163214,0.05,warning
1761299390.9747443,975,outlier_rate,0.06614945350202196,0.05,warning
1761299391.018046,976,outlier_rate,0.05247701704502106,0.05,warning
1761299391.0584548,977,outlier_rate,0.055763345398008826,0.05,warning
1761299391.1015532,978,outlier_rate,0.06770222045418335,0.05,warning
1761299391.1496935,979,outlier_rate,0.06095053628087044,0.05,warning
1761299391.200785,980,outlier_rate,0.06261377036571503,0.05,warning
1761299391.251949,981,outlier_rate,0.06601972833275795,0.05,warning
1761299391.2940505,982,outlier_rate,0.06940730949604193,0.05,warning
1761299391.3346648,983,outlier_rate,0.07540215233730972,0.05,warning
1761299391.3870249,984,outlier_rate,0.06371124799302576,0.05,warning
1761299391.4332035,985,outlier_rate,0.07794808104634285,0.05,warning
1761299391.4769785,986,outlier_rate,0.061465663015842435,0.05,warning
1761299391.5282483,987,outlier_rate,0.06433197110891342,0.05,warning
1761299391.5796227,988,outlier_rate,0.062366798520088196,0.05,warning
1761299391.6224875,989,outlier_rate,0.05552855770569295,0.05,warning
1761299391.666444,990,outlier_rate,0.05445964243567438,0.05,warning
1761299391.707885,991,outlier_rate,0.05629751166422322,0.05,warning
1761299391.7604017,992,outlier_rate,0.08152167717615763,0.05,warning
1761299391.8115745,993,outlier_rate,0.06447293132543563,0.05,warning
1761299391.8616168,994,outlier_rate,0.06172398153692484,0.05,warning
1761299391.9117818,995,outlier_rate,0.07264623798429966,0.05,warning
1761299391.9632733,996,outlier_rate,0.061291051357984544,0.05,warning
1761299392.0167387,997,outlier_rate,0.055733897611498835,0.05,warning
1761299392.067798,998,outlier_rate,0.05709002912044525,0.05,warning
1761299392.1212337,999,outlier_rate,0.056960714235901835,0.05,warning
